light_id,latitude,longitude,watts
1,32.646437,-116.986907,50
2,32.626333,-117.033575,50
3,32.641842,-117.048673,50
4,32.605651,-117.010009,50
5,32.658537,-117.056062,50
6,32.645668,-117.015611,50
7,32.647164,-117.060179,50
8,32.607687,-117.058995,50
9,32.627023,-117.000411,50
10,32.622248,-117.045708,50
11,32.655606,-117.057592,50
12,32.638632,-116.95913,50
13,32.649366,-117.07441,50
14,32.626605,-117.006531,50
15,32.613634,-117.008726,50
16,32.633275,-117.047421,50
17,32.603829,-117.02114,50
18,32.649658,-117.068594,50
19,32.651516,-116.969257,50
20,32.653587,-116.962692,50
21,32.640104,-116.954313,50
22,32.657714,-116.962325,50
23,32.646725,-116.962036,50
24,32.659543,-116.951839,50
25,32.644916,-116.963154,50
26,32.646321,-116.960556,50
27,32.649867,-116.971335,50
28,32.652474,-116.965001,50
29,32.65831,-116.97519,50
30,32.655654,-116.953134,50
